POID,ProductID,SupplierID,StoreID,OrderDate,ReceivedDate,QuantityOrdered
1,30,1,2,2025-11-14 02:17:36.856830,2025-11-21 02:17:36.856830,186
2,1,6,1,2025-10-29 02:17:36.856830,2025-11-10 02:17:36.856830,39
3,6,8,4,2025-08-28 02:17:36.856830,2025-09-05 02:17:36.856830,188
4,17,1,2,2025-11-06 02:17:36.856830,2025-11-11 02:17:36.856830,164
5,11,1,1,2025-08-30 02:17:36.856830,2025-09-10 02:17:36.856830,29
6,31,9,1,2025-11-05 02:17:36.856830,2025-11-15 02:17:36.856830,176
7,34,9,1,2025-10-20 02:17:36.856830,2025-10-24 02:17:36.856830,197
8,8,7,2,2025-10-08 02:17:36.856830,2025-10-16 02:17:36.856830,63
9,55,9,1,2025-10-13 02:17:36.856830,2025-10-16 02:17:36.856830,100
10,63,5,5,2025-11-15 02:17:36.856830,2025-11-19 02:17:36.856830,175
11,45,10,3,2025-10-10 02:17:36.856830,2025-10-20 02:17:36.856830,150
12,73,6,4,2025-10-18 02:17:36.856830,2025-10-25 02:17:36.856830,152
13,10,3,3,2025-10-16 02:17:36.856830,2025-10-19 02:17:36.856830,27
14,33,3,1,2025-09-16 02:17:36.856830,2025-09-26 02:17:36.856830,117
15,36,3,5,2025-10-01 02:17:36.856830,2025-10-08 02:17:36.856830,189
16,58,10,4,2025-10-10 02:17:36.856830,2025-10-21 02:17:36.856830,161
17,3,6,1,2025-09-18 02:17:36.856830,2025-09-25 02:17:36.856830,130
18,47,1,4,2025-08-22 02:17:36.856830,2025-08-28 02:17:36.856830,86
19,44,2,1,2025-10-29 02:17:36.856830,2025-11-04 02:17:36.856830,38
20,64,9,5,2025-11-09 02:17:36.856830,2025-11-19 02:17:36.856830,29
21,9,5,1,2025-10-24 02:17:36.856830,2025-11-01 02:17:36.856830,95
22,5,10,2,2025-10-25 02:17:36.856830,2025-11-03 02:17:36.856830,23
23,75,6,4,2025-09-20 02:17:36.856830,2025-09-24 02:17:36.856830,54
24,69,3,3,2025-09-27 02:17:36.856830,2025-10-08 02:17:36.856830,71
25,75,8,2,2025-08-22 02:17:36.856830,2025-08-25 02:17:36.856830,32
26,26,4,2,2025-11-13 02:17:36.856830,2025-11-17 02:17:36.856830,175
27,38,6,2,2025-10-03 02:17:36.856830,2025-10-07 02:17:36.856830,23
28,59,10,2,2025-10-16 02:17:36.856830,2025-10-19 02:17:36.856830,24
29,69,10,2,2025-10-06 02:17:36.856830,2025-10-10 02:17:36.856830,169
30,5,9,1,2025-09-14 02:17:36.856830,2025-09-25 02:17:36.856830,33
31,76,4,2,2025-11-06 02:17:36.856830,2025-11-15 02:17:36.856830,58
32,68,2,3,2025-10-29 02:17:36.856830,2025-11-08 02:17:36.856830,199
33,30,9,1,2025-10-04 02:17:36.856830,2025-10-10 02:17:36.856830,72
34,58,1,2,2025-10-19 02:17:36.856830,2025-10-30 02:17:36.856830,34
35,26,4,4,2025-08-27 02:17:36.856830,2025-09-09 02:17:36.856830,167
36,33,7,5,2025-10-22 02:17:36.856830,2025-10-29 02:17:36.856830,84
37,20,5,4,2025-10-28 02:17:36.856830,2025-11-06 02:17:36.856830,26
38,63,6,2,2025-10-18 02:17:36.856830,2025-10-30 02:17:36.856830,53
39,31,2,2,2025-09-21 02:17:36.856830,2025-09-29 02:17:36.856830,32
40,70,6,4,2025-11-15 02:17:36.856830,2025-11-27 02:17:36.856830,131
41,38,7,4,2025-08-24 02:17:36.856830,2025-08-29 02:17:36.856830,138
42,42,7,2,2025-10-29 02:17:36.856830,2025-11-06 02:17:36.856830,41
43,59,7,3,2025-09-16 02:17:36.856830,2025-09-23 02:17:36.856830,53
44,34,1,5,2025-09-22 02:17:36.856830,2025-09-30 02:17:36.856830,193
45,46,4,4,2025-09-09 02:17:36.856830,2025-09-15 02:17:36.856830,157
46,21,4,5,2025-11-10 02:17:36.856830,2025-11-14 02:17:36.856830,62
47,41,1,1,2025-09-25 02:17:36.856830,2025-09-29 02:17:36.856830,125
48,36,1,1,2025-10-19 02:17:36.856830,2025-10-25 02:17:36.856830,82
49,14,1,1,2025-09-08 02:17:36.856830,2025-09-11 02:17:36.856830,40
50,74,3,4,2025-10-18 02:17:36.856830,2025-10-24 02:17:36.856830,23
51,28,8,4,2025-09-17 02:17:36.856830,2025-09-22 02:17:36.856830,127
52,39,3,4,2025-09-15 02:17:36.856830,2025-09-18 02:17:36.856830,188
53,22,10,4,2025-09-11 02:17:36.856830,2025-09-21 02:17:36.856830,179
54,75,6,1,2025-09-21 02:17:36.856830,2025-10-01 02:17:36.856830,64
55,61,8,4,2025-10-05 02:17:36.856830,2025-10-15 02:17:36.856830,109
56,79,6,3,2025-09-11 02:17:36.856830,2025-09-21 02:17:36.856830,107
57,11,7,1,2025-10-13 02:17:36.856830,2025-10-25 02:17:36.856830,130
58,78,6,5,2025-11-03 02:17:36.856830,2025-11-06 02:17:36.856830,150
59,5,1,3,2025-10-30 02:17:36.856830,2025-11-09 02:17:36.856830,63
60,77,9,1,2025-08-24 02:17:36.856830,2025-08-31 02:17:36.856830,130
61,49,5,3,2025-11-11 02:17:36.856830,2025-11-24 02:17:36.856830,85
62,64,2,1,2025-10-26 02:17:36.856830,2025-11-04 02:17:36.856830,76
63,24,8,4,2025-10-02 02:17:36.856830,2025-10-06 02:17:36.856830,22
64,35,10,5,2025-10-10 02:17:36.856830,2025-10-15 02:17:36.856830,195
65,6,4,2,2025-10-31 02:17:36.856830,2025-11-06 02:17:36.856830,153
66,55,1,1,2025-10-18 02:17:36.856830,2025-10-24 02:17:36.856830,107
67,71,8,5,2025-11-04 02:17:36.856830,2025-11-13 02:17:36.856830,88
68,4,6,5,2025-11-07 02:17:36.856830,2025-11-10 02:17:36.856830,111
69,38,3,1,2025-09-12 02:17:36.856830,2025-09-21 02:17:36.856830,83
70,77,5,4,2025-09-29 02:17:36.856830,2025-10-11 02:17:36.856830,21
71,40,5,5,2025-08-28 02:17:36.856830,2025-09-02 02:17:36.856830,67
72,35,5,5,2025-09-28 02:17:36.856830,2025-10-05 02:17:36.856830,144
73,48,5,4,2025-10-16 02:17:36.856830,2025-10-28 02:17:36.856830,159
74,20,7,4,2025-10-01 02:17:36.856830,2025-10-12 02:17:36.856830,62
75,24,6,2,2025-10-29 02:17:36.856830,2025-11-07 02:17:36.856830,48
76,23,5,5,2025-11-06 02:17:36.856830,2025-11-12 02:17:36.856830,103
77,64,7,2,2025-10-17 02:17:36.856830,2025-10-27 02:17:36.856830,96
78,39,8,1,2025-10-23 02:17:36.856830,2025-11-02 02:17:36.856830,98
79,78,10,3,2025-10-06 02:17:36.856830,2025-10-18 02:17:36.856830,40
80,70,10,2,2025-10-18 02:17:36.856830,2025-10-26 02:17:36.856830,83
81,36,4,2,2025-10-01 02:17:36.856830,2025-10-13 02:17:36.856830,71
82,44,9,3,2025-10-23 02:17:36.856830,2025-10-27 02:17:36.856830,179
83,50,6,2,2025-11-09 02:17:36.856830,2025-11-21 02:17:36.856830,121
84,61,3,2,2025-10-17 02:17:36.856830,2025-10-29 02:17:36.856830,73
85,61,8,2,2025-08-29 02:17:36.856830,2025-09-05 02:17:36.856830,192
86,54,9,4,2025-08-23 02:17:36.856830,2025-09-01 02:17:36.856830,182
87,30,3,3,2025-10-24 02:17:36.856830,2025-10-27 02:17:36.856830,114
88,51,10,2,2025-11-07 02:17:36.856830,2025-11-15 02:17:36.856830,169
89,17,10,3,2025-10-13 02:17:36.856830,2025-10-20 02:17:36.856830,145
90,11,4,4,2025-09-13 02:17:36.856830,2025-09-20 02:17:36.856830,169
91,32,6,3,2025-09-08 02:17:36.856830,2025-09-17 02:17:36.856830,92
92,54,4,1,2025-10-16 02:17:36.856830,2025-10-27 02:17:36.856830,64
93,60,10,2,2025-10-12 02:17:36.856830,2025-10-20 02:17:36.856830,184
94,66,4,3,2025-11-09 02:17:36.856830,2025-11-12 02:17:36.856830,178
95,52,5,3,2025-09-13 02:17:36.856830,2025-09-17 02:17:36.856830,118
96,33,9,3,2025-09-12 02:17:36.856830,2025-09-15 02:17:36.856830,37
97,69,5,2,2025-09-10 02:17:36.856830,2025-09-13 02:17:36.856830,51
98,34,10,1,2025-11-06 02:17:36.856830,2025-11-17 02:17:36.856830,149
99,20,3,5,2025-10-21 02:17:36.856830,2025-10-27 02:17:36.856830,86
100,72,4,5,2025-09-07 02:17:36.856830,2025-09-15 02:17:36.856830,146
101,70,6,4,2025-10-18 02:17:36.856830,2025-10-25 02:17:36.856830,96
102,4,10,2,2025-09-21 02:17:36.856830,2025-10-03 02:17:36.856830,107
103,11,1,3,2025-10-19 02:17:36.856830,2025-10-26 02:17:36.856830,56
104,9,2,3,2025-10-02 02:17:36.856830,2025-10-14 02:17:36.856830,36
105,60,3,2,2025-08-25 02:17:36.856830,2025-09-07 02:17:36.856830,43
106,24,10,3,2025-09-20 02:17:36.856830,2025-10-03 02:17:36.856830,31
107,75,3,5,2025-08-27 02:17:36.856830,2025-09-06 02:17:36.856830,88
108,12,2,3,2025-10-30 02:17:36.856830,2025-11-09 02:17:36.856830,75
109,79,1,1,2025-09-29 02:17:36.856830,2025-10-04 02:17:36.856830,158
110,66,4,1,2025-09-04 02:17:36.856830,2025-09-14 02:17:36.856830,147
111,72,7,4,2025-09-08 02:17:36.856830,2025-09-12 02:17:36.856830,170
112,65,3,2,2025-11-12 02:17:36.856830,2025-11-23 02:17:36.856830,37
113,37,10,2,2025-10-03 02:17:36.856830,2025-10-07 02:17:36.856830,93
114,46,10,5,2025-10-18 02:17:36.856830,2025-10-30 02:17:36.856830,68
115,11,6,1,2025-09-03 02:17:36.856830,2025-09-14 02:17:36.856830,181
116,11,10,2,2025-11-19 02:17:36.856830,2025-11-22 02:17:36.856830,68
117,27,3,4,2025-09-24 02:17:36.856830,2025-10-07 02:17:36.856830,68
118,37,5,4,2025-11-01 02:17:36.856830,2025-11-07 02:17:36.856830,65
119,73,4,2,2025-11-01 02:17:36.856830,2025-11-04 02:17:36.856830,80
120,53,1,2,2025-10-20 02:17:36.856830,2025-11-02 02:17:36.856830,114
121,19,6,1,2025-10-20 02:17:36.856830,2025-10-23 02:17:36.856830,159
122,52,7,5,2025-11-14 02:17:36.856830,2025-11-25 02:17:36.856830,164
123,75,9,4,2025-10-20 02:17:36.856830,2025-11-02 02:17:36.856830,21
124,14,4,1,2025-10-13 02:17:36.856830,2025-10-17 02:17:36.856830,89
125,21,8,4,2025-11-09 02:17:36.856830,2025-11-19 02:17:36.856830,110
126,36,3,5,2025-11-07 02:17:36.856830,2025-11-13 02:17:36.856830,148
127,57,4,1,2025-09-17 02:17:36.856830,2025-09-24 02:17:36.856830,21
128,77,7,5,2025-10-13 02:17:36.856830,2025-10-23 02:17:36.856830,132
129,74,1,1,2025-08-29 02:17:36.856830,2025-09-09 02:17:36.856830,178
130,72,6,1,2025-09-15 02:17:36.856830,2025-09-20 02:17:36.856830,97
131,6,2,4,2025-09-18 02:17:36.856830,2025-09-26 02:17:36.856830,98
132,38,1,1,2025-10-26 02:17:36.856830,2025-11-04 02:17:36.856830,28
133,80,5,4,2025-10-24 02:17:36.856830,2025-11-04 02:17:36.856830,21
134,33,5,1,2025-09-25 02:17:36.856830,2025-09-28 02:17:36.856830,40
135,19,6,5,2025-10-15 02:17:36.856830,2025-10-28 02:17:36.856830,88
136,66,2,5,2025-09-20 02:17:36.856830,2025-09-29 02:17:36.856830,40
137,52,10,2,2025-11-12 02:17:36.856830,2025-11-18 02:17:36.856830,183
138,80,1,5,2025-10-15 02:17:36.856830,2025-10-27 02:17:36.856830,193
139,21,6,2,2025-09-29 02:17:36.856830,2025-10-05 02:17:36.856830,151
140,4,6,3,2025-08-22 02:17:36.856830,2025-08-25 02:17:36.856830,166
141,12,2,2,2025-10-09 02:17:36.856830,2025-10-15 02:17:36.856830,196
142,47,6,3,2025-09-17 02:17:36.856830,2025-09-26 02:17:36.856830,119
143,13,9,4,2025-08-31 02:17:36.856830,2025-09-09 02:17:36.856830,105
144,27,8,3,2025-08-28 02:17:36.856830,2025-09-07 02:17:36.856830,95
145,25,10,1,2025-11-12 02:17:36.856830,2025-11-21 02:17:36.856830,141
146,69,1,2,2025-11-18 02:17:36.856830,2025-11-27 02:17:36.856830,40
147,40,9,4,2025-11-19 02:17:36.856830,2025-12-02 02:17:36.856830,52
148,45,7,1,2025-10-28 02:17:36.856830,2025-11-09 02:17:36.856830,125
149,53,7,4,2025-09-06 02:17:36.856830,2025-09-11 02:17:36.856830,190
150,45,1,3,2025-09-27 02:17:36.856830,2025-10-05 02:17:36.856830,126
151,24,5,4,2025-09-01 02:17:36.856830,2025-09-07 02:17:36.856830,108
152,25,7,3,2025-10-14 02:17:36.856830,2025-10-19 02:17:36.856830,27
153,33,8,2,2025-10-11 02:17:36.856830,2025-10-22 02:17:36.856830,48
154,61,5,1,2025-11-11 02:17:36.856830,2025-11-19 02:17:36.856830,183
155,19,7,4,2025-09-19 02:17:36.856830,2025-10-02 02:17:36.856830,39
156,42,10,4,2025-08-31 02:17:36.856830,2025-09-05 02:17:36.856830,26
157,77,6,1,2025-09-02 02:17:36.856830,2025-09-14 02:17:36.856830,158
158,71,6,5,2025-09-11 02:17:36.856830,2025-09-18 02:17:36.856830,91
159,19,6,4,2025-08-24 02:17:36.856830,2025-08-31 02:17:36.856830,169
160,30,1,3,2025-10-03 02:17:36.856830,2025-10-13 02:17:36.856830,82
161,18,5,4,2025-09-26 02:17:36.856830,2025-09-29 02:17:36.856830,150
162,62,7,4,2025-10-05 02:17:36.856830,2025-10-17 02:17:36.856830,96
163,18,3,1,2025-10-04 02:17:36.856830,2025-10-15 02:17:36.856830,56
164,76,1,5,2025-11-06 02:17:36.856830,2025-11-18 02:17:36.856830,80
165,32,8,5,2025-10-29 02:17:36.856830,2025-11-06 02:17:36.856830,151
166,32,9,3,2025-10-23 02:17:36.856830,2025-10-28 02:17:36.856830,78
167,45,2,2,2025-09-03 02:17:36.856830,2025-09-06 02:17:36.856830,64
168,1,7,2,2025-11-14 02:17:36.856830,2025-11-18 02:17:36.856830,104
169,47,8,1,2025-09-13 02:17:36.856830,2025-09-23 02:17:36.856830,128
170,45,5,5,2025-09-30 02:17:36.856830,2025-10-04 02:17:36.856830,126
171,16,8,2,2025-08-25 02:17:36.856830,2025-09-02 02:17:36.856830,136
172,59,7,3,2025-08-27 02:17:36.856830,2025-08-30 02:17:36.856830,162
173,69,9,3,2025-09-29 02:17:36.856830,2025-10-06 02:17:36.856830,107
174,11,1,3,2025-10-12 02:17:36.856830,2025-10-25 02:17:36.856830,60
175,58,7,1,2025-09-23 02:17:36.856830,2025-10-01 02:17:36.856830,193
176,49,9,1,2025-11-19 02:17:36.856830,2025-11-24 02:17:36.856830,27
177,70,7,3,2025-09-03 02:17:36.856830,2025-09-16 02:17:36.856830,183
178,64,5,1,2025-11-17 02:17:36.856830,2025-11-22 02:17:36.856830,65
179,38,8,4,2025-10-19 02:17:36.856830,2025-10-30 02:17:36.856830,170
180,17,3,2,2025-10-09 02:17:36.856830,2025-10-13 02:17:36.856830,161
181,39,6,3,2025-10-24 02:17:36.856830,2025-10-29 02:17:36.856830,160
182,19,9,3,2025-09-12 02:17:36.856830,2025-09-17 02:17:36.856830,185
183,74,9,2,2025-11-14 02:17:36.856830,2025-11-22 02:17:36.856830,81
184,56,4,4,2025-09-01 02:17:36.856830,2025-09-05 02:17:36.856830,97
185,8,5,3,2025-10-22 02:17:36.856830,2025-11-03 02:17:36.856830,93
186,49,3,3,2025-10-01 02:17:36.856830,2025-10-07 02:17:36.856830,54
187,71,7,5,2025-09-13 02:17:36.856830,2025-09-16 02:17:36.856830,48
188,65,2,2,2025-11-02 02:17:36.856830,2025-11-08 02:17:36.856830,183
189,6,6,3,2025-08-31 02:17:36.856830,2025-09-06 02:17:36.856830,127
190,37,8,4,2025-09-16 02:17:36.856830,2025-09-25 02:17:36.856830,188
191,2,5,1,2025-11-02 02:17:36.856830,2025-11-15 02:17:36.856830,174
192,13,3,4,2025-09-04 02:17:36.856830,2025-09-10 02:17:36.856830,185
193,27,9,5,2025-08-26 02:17:36.856830,2025-08-31 02:17:36.856830,53
194,18,8,3,2025-09-02 02:17:36.856830,2025-09-14 02:17:36.856830,115
195,80,5,1,2025-10-05 02:17:36.856830,2025-10-15 02:17:36.856830,36
196,76,4,3,2025-09-20 02:17:36.856830,2025-09-25 02:17:36.856830,73
197,22,2,5,2025-09-10 02:17:36.856830,2025-09-17 02:17:36.856830,159
198,75,8,3,2025-10-29 02:17:36.856830,2025-11-03 02:17:36.856830,152
199,6,10,4,2025-09-28 02:17:36.856830,2025-10-10 02:17:36.856830,90
200,65,3,2,2025-11-18 02:17:36.856830,2025-11-28 02:17:36.856830,36
201,30,6,5,2025-10-31 02:17:36.856830,2025-11-06 02:17:36.856830,27
202,71,3,5,2025-09-23 02:17:36.856830,2025-09-27 02:17:36.856830,181
203,12,9,5,2025-10-14 02:17:36.856830,2025-10-21 02:17:36.856830,122
204,68,1,3,2025-09-18 02:17:36.856830,2025-09-24 02:17:36.856830,160
205,71,8,3,2025-09-01 02:17:36.856830,2025-09-06 02:17:36.856830,155
206,74,3,1,2025-09-14 02:17:36.856830,2025-09-23 02:17:36.856830,111
207,68,8,1,2025-08-29 02:17:36.856830,2025-09-10 02:17:36.856830,197
208,8,9,3,2025-11-12 02:17:36.856830,2025-11-15 02:17:36.856830,90
209,22,9,5,2025-10-28 02:17:36.856830,2025-11-01 02:17:36.856830,168
210,29,4,5,2025-10-17 02:17:36.856830,2025-10-25 02:17:36.856830,105
211,67,8,4,2025-10-04 02:17:36.856830,2025-10-07 02:17:36.856830,149
212,35,9,5,2025-11-14 02:17:36.856830,2025-11-18 02:17:36.856830,77
213,57,1,4,2025-11-14 02:17:36.856830,2025-11-24 02:17:36.856830,119
214,52,4,5,2025-09-03 02:17:36.856830,2025-09-16 02:17:36.856830,77
215,70,10,3,2025-10-16 02:17:36.856830,2025-10-28 02:17:36.856830,85
216,38,1,5,2025-10-14 02:17:36.856830,2025-10-25 02:17:36.856830,41
217,60,3,4,2025-10-11 02:17:36.856830,2025-10-22 02:17:36.856830,169
218,19,5,5,2025-09-28 02:17:36.856830,2025-10-02 02:17:36.856830,186
219,12,4,1,2025-08-25 02:17:36.856830,2025-09-05 02:17:36.856830,54
220,62,8,5,2025-10-13 02:17:36.856830,2025-10-18 02:17:36.856830,93
221,6,5,3,2025-10-24 02:17:36.856830,2025-11-04 02:17:36.856830,138
222,30,9,2,2025-09-28 02:17:36.856830,2025-10-04 02:17:36.856830,68
223,26,5,1,2025-09-26 02:17:36.856830,2025-10-03 02:17:36.856830,83
224,29,8,1,2025-10-09 02:17:36.856830,2025-10-22 02:17:36.856830,158
225,4,6,5,2025-09-20 02:17:36.856830,2025-09-23 02:17:36.856830,60
226,4,4,4,2025-11-17 02:17:36.856830,2025-11-21 02:17:36.856830,173
227,66,2,1,2025-09-03 02:17:36.856830,2025-09-09 02:17:36.856830,110
228,17,7,2,2025-09-01 02:17:36.856830,2025-09-13 02:17:36.856830,185
229,56,4,2,2025-10-24 02:17:36.856830,2025-10-27 02:17:36.856830,80
230,61,2,5,2025-11-18 02:17:36.856830,2025-11-22 02:17:36.856830,133
231,37,1,2,2025-09-22 02:17:36.856830,2025-10-04 02:17:36.856830,186
232,48,4,5,2025-08-22 02:17:36.856830,2025-09-01 02:17:36.856830,32
233,31,9,1,2025-09-20 02:17:36.856830,2025-09-29 02:17:36.856830,63
234,4,8,4,2025-11-18 02:17:36.856830,2025-11-22 02:17:36.856830,82
235,52,6,5,2025-10-10 02:17:36.856830,2025-10-19 02:17:36.856830,53
236,63,4,4,2025-10-25 02:17:36.856830,2025-11-02 02:17:36.856830,22
237,11,8,4,2025-10-02 02:17:36.856830,2025-10-15 02:17:36.856830,177
238,77,10,1,2025-09-12 02:17:36.856830,2025-09-25 02:17:36.856830,117
239,44,3,1,2025-09-01 02:17:36.856830,2025-09-10 02:17:36.856830,87
240,5,3,5,2025-09-05 02:17:36.856830,2025-09-13 02:17:36.856830,76
241,17,1,4,2025-11-12 02:17:36.856830,2025-11-15 02:17:36.856830,193
242,66,3,4,2025-08-29 02:17:36.856830,2025-09-06 02:17:36.856830,190
243,17,8,5,2025-09-21 02:17:36.856830,2025-10-01 02:17:36.856830,195
244,49,2,3,2025-08-30 02:17:36.856830,2025-09-05 02:17:36.856830,163
245,6,6,4,2025-08-27 02:17:36.856830,2025-08-30 02:17:36.856830,143
246,21,1,2,2025-10-25 02:17:36.856830,2025-11-03 02:17:36.856830,182
247,15,2,3,2025-10-18 02:17:36.856830,2025-10-22 02:17:36.856830,69
248,77,10,3,2025-10-31 02:17:36.856830,2025-11-13 02:17:36.856830,167
249,24,3,2,2025-08-30 02:17:36.856830,2025-09-10 02:17:36.856830,132
250,78,3,1,2025-09-02 02:17:36.856830,2025-09-13 02:17:36.856830,27
251,42,2,2,2025-10-20 02:17:36.856830,2025-10-26 02:17:36.856830,158
252,60,3,1,2025-10-27 02:17:36.856830,2025-11-01 02:17:36.856830,122
253,66,9,5,2025-09-16 02:17:36.856830,2025-09-24 02:17:36.856830,23
254,5,8,3,2025-10-29 02:17:36.856830,2025-11-06 02:17:36.856830,147
255,78,9,5,2025-10-08 02:17:36.856830,2025-10-19 02:17:36.856830,77
256,13,5,3,2025-11-06 02:17:36.856830,2025-11-13 02:17:36.856830,180
257,30,1,1,2025-10-20 02:17:36.856830,2025-10-24 02:17:36.856830,153
258,12,9,3,2025-11-17 02:17:36.856830,2025-11-27 02:17:36.856830,69
259,36,7,2,2025-10-21 02:17:36.856830,2025-10-25 02:17:36.856830,57
260,19,7,1,2025-11-06 02:17:36.856830,2025-11-13 02:17:36.856830,38
261,28,6,1,2025-09-09 02:17:36.856830,2025-09-15 02:17:36.856830,113
262,17,1,4,2025-09-14 02:17:36.856830,2025-09-27 02:17:36.856830,67
263,63,9,3,2025-11-17 02:17:36.856830,2025-11-27 02:17:36.856830,88
264,43,9,5,2025-11-11 02:17:36.856830,2025-11-14 02:17:36.856830,77
265,64,7,5,2025-10-13 02:17:36.856830,2025-10-16 02:17:36.856830,185
266,21,8,1,2025-09-15 02:17:36.856830,2025-09-28 02:17:36.856830,106
267,50,6,3,2025-11-08 02:17:36.856830,2025-11-20 02:17:36.856830,93
268,78,1,3,2025-10-10 02:17:36.856830,2025-10-16 02:17:36.856830,187
269,31,2,2,2025-10-27 02:17:36.856830,2025-11-06 02:17:36.856830,73
270,27,3,1,2025-08-26 02:17:36.856830,2025-09-06 02:17:36.856830,69
271,73,4,5,2025-09-14 02:17:36.856830,2025-09-27 02:17:36.856830,67
272,37,9,5,2025-11-04 02:17:36.856830,2025-11-07 02:17:36.856830,166
273,64,10,5,2025-10-23 02:17:36.856830,2025-10-27 02:17:36.856830,158
274,78,7,2,2025-10-13 02:17:36.856830,2025-10-17 02:17:36.856830,197
275,15,8,1,2025-08-23 02:17:36.856830,2025-08-31 02:17:36.856830,66
276,22,5,2,2025-09-21 02:17:36.856830,2025-09-26 02:17:36.856830,76
277,25,4,3,2025-11-09 02:17:36.856830,2025-11-13 02:17:36.856830,162
278,49,2,4,2025-09-18 02:17:36.856830,2025-09-24 02:17:36.856830,53
279,51,7,3,2025-10-13 02:17:36.856830,2025-10-24 02:17:36.856830,141
280,3,8,2,2025-10-15 02:17:36.856830,2025-10-24 02:17:36.856830,74
281,9,4,3,2025-09-16 02:17:36.856830,2025-09-28 02:17:36.856830,178
282,31,10,5,2025-09-22 02:17:36.856830,2025-09-29 02:17:36.856830,38
283,71,6,4,2025-11-14 02:17:36.856830,2025-11-22 02:17:36.856830,35
284,52,6,2,2025-09-22 02:17:36.856830,2025-10-05 02:17:36.856830,148
285,19,5,5,2025-11-02 02:17:36.856830,2025-11-11 02:17:36.856830,196
286,31,7,3,2025-09-13 02:17:36.856830,2025-09-18 02:17:36.856830,78
287,7,6,3,2025-10-19 02:17:36.856830,2025-10-31 02:17:36.856830,96
288,42,6,5,2025-11-11 02:17:36.856830,2025-11-23 02:17:36.856830,43
289,10,6,5,2025-11-09 02:17:36.856830,2025-11-14 02:17:36.856830,86
290,42,6,4,2025-10-01 02:17:36.856830,2025-10-14 02:17:36.856830,78
291,16,3,3,2025-11-16 02:17:36.856830,2025-11-21 02:17:36.856830,130
292,36,3,1,2025-10-20 02:17:36.856830,2025-10-25 02:17:36.856830,97
293,5,8,3,2025-10-16 02:17:36.856830,2025-10-28 02:17:36.856830,112
294,27,5,4,2025-10-10 02:17:36.856830,2025-10-17 02:17:36.856830,167
295,20,4,1,2025-09-05 02:17:36.856830,2025-09-09 02:17:36.856830,174
296,10,6,5,2025-11-04 02:17:36.856830,2025-11-16 02:17:36.856830,35
297,60,10,1,2025-09-01 02:17:36.856830,2025-09-10 02:17:36.856830,169
298,46,7,2,2025-11-19 02:17:36.856830,2025-11-26 02:17:36.856830,89
299,54,10,3,2025-10-31 02:17:36.856830,2025-11-04 02:17:36.856830,123
300,5,8,3,2025-10-23 02:17:36.856830,2025-10-26 02:17:36.856830,37
301,7,4,4,2025-10-18 02:17:36.856830,2025-10-29 02:17:36.856830,72
302,50,4,2,2025-09-27 02:17:36.856830,2025-10-06 02:17:36.856830,38
303,39,9,3,2025-08-25 02:17:36.856830,2025-08-28 02:17:36.856830,87
304,43,10,1,2025-09-11 02:17:36.856830,2025-09-17 02:17:36.856830,108
305,28,3,4,2025-08-25 02:17:36.856830,2025-09-07 02:17:36.856830,78
306,22,10,5,2025-09-01 02:17:36.856830,2025-09-07 02:17:36.856830,95
307,9,1,1,2025-10-12 02:17:36.856830,2025-10-24 02:17:36.856830,166
308,26,10,5,2025-08-29 02:17:36.856830,2025-09-07 02:17:36.856830,118
309,46,3,4,2025-10-09 02:17:36.856830,2025-10-13 02:17:36.856830,109
310,70,1,4,2025-11-15 02:17:36.856830,2025-11-27 02:17:36.856830,46
311,14,9,5,2025-09-10 02:17:36.856830,2025-09-13 02:17:36.856830,104
312,64,7,3,2025-09-16 02:17:36.856830,2025-09-21 02:17:36.856830,124
313,18,7,2,2025-11-08 02:17:36.856830,2025-11-15 02:17:36.856830,120
314,18,2,3,2025-11-14 02:17:36.856830,2025-11-22 02:17:36.856830,147
315,44,6,5,2025-11-12 02:17:36.856830,2025-11-16 02:17:36.856830,143
316,54,2,5,2025-08-29 02:17:36.856830,2025-09-01 02:17:36.856830,199
317,6,8,4,2025-10-15 02:17:36.856830,2025-10-23 02:17:36.856830,192
318,25,4,4,2025-10-30 02:17:36.856830,2025-11-11 02:17:36.856830,158
319,35,1,2,2025-09-19 02:17:36.856830,2025-09-27 02:17:36.856830,198
320,80,4,5,2025-10-16 02:17:36.856830,2025-10-23 02:17:36.856830,182
321,22,7,3,2025-09-14 02:17:36.856830,2025-09-18 02:17:36.856830,30
322,15,7,3,2025-11-17 02:17:36.856830,2025-11-27 02:17:36.856830,138
323,78,6,1,2025-09-02 02:17:36.856830,2025-09-08 02:17:36.856830,174
324,44,5,1,2025-09-20 02:17:36.856830,2025-10-01 02:17:36.856830,77
325,49,5,1,2025-11-03 02:17:36.856830,2025-11-07 02:17:36.856830,37
326,21,10,4,2025-11-19 02:17:36.856830,2025-12-01 02:17:36.856830,43
327,52,9,2,2025-10-12 02:17:36.856830,2025-10-22 02:17:36.856830,191
328,32,5,2,2025-08-30 02:17:36.856830,2025-09-06 02:17:36.856830,75
329,70,7,2,2025-11-08 02:17:36.856830,2025-11-20 02:17:36.856830,141
330,65,5,4,2025-11-13 02:17:36.856830,2025-11-26 02:17:36.856830,115
331,9,1,3,2025-09-19 02:17:36.856830,2025-09-25 02:17:36.856830,27
332,35,5,2,2025-09-15 02:17:36.856830,2025-09-19 02:17:36.856830,187
333,47,8,4,2025-10-05 02:17:36.856830,2025-10-16 02:17:36.856830,184
334,5,8,5,2025-09-13 02:17:36.856830,2025-09-24 02:17:36.856830,77
335,53,9,5,2025-11-13 02:17:36.856830,2025-11-25 02:17:36.856830,68
336,27,6,2,2025-09-09 02:17:36.856830,2025-09-15 02:17:36.856830,181
337,80,5,1,2025-10-12 02:17:36.856830,2025-10-17 02:17:36.856830,151
338,27,6,4,2025-10-18 02:17:36.856830,2025-10-21 02:17:36.856830,27
339,53,8,2,2025-10-18 02:17:36.856830,2025-10-21 02:17:36.856830,72
340,11,10,4,2025-09-15 02:17:36.856830,2025-09-20 02:17:36.856830,92
341,64,2,1,2025-09-12 02:17:36.856830,2025-09-23 02:17:36.856830,88
342,18,5,5,2025-09-02 02:17:36.856830,2025-09-05 02:17:36.856830,160
343,40,4,4,2025-10-18 02:17:36.856830,2025-10-21 02:17:36.856830,88
344,80,9,2,2025-10-06 02:17:36.856830,2025-10-17 02:17:36.856830,129
345,7,3,5,2025-09-06 02:17:36.856830,2025-09-10 02:17:36.856830,40
346,52,9,1,2025-10-08 02:17:36.856830,2025-10-17 02:17:36.856830,37
347,44,4,5,2025-11-06 02:17:36.856830,2025-11-18 02:17:36.856830,44
348,20,3,5,2025-11-13 02:17:36.856830,2025-11-25 02:17:36.856830,133
349,13,5,1,2025-10-22 02:17:36.856830,2025-11-01 02:17:36.856830,89
350,37,6,1,2025-11-05 02:17:36.856830,2025-11-11 02:17:36.856830,82
351,12,5,1,2025-09-29 02:17:36.856830,2025-10-03 02:17:36.856830,150
352,76,9,5,2025-10-13 02:17:36.856830,2025-10-17 02:17:36.856830,110
353,24,10,3,2025-10-02 02:17:36.856830,2025-10-10 02:17:36.856830,95
354,23,1,1,2025-08-28 02:17:36.856830,2025-09-04 02:17:36.856830,71
355,75,8,1,2025-09-27 02:17:36.856830,2025-10-02 02:17:36.856830,56
356,15,2,4,2025-10-10 02:17:36.856830,2025-10-20 02:17:36.856830,135
357,8,1,5,2025-09-07 02:17:36.856830,2025-09-16 02:17:36.856830,29
358,44,7,4,2025-09-26 02:17:36.856830,2025-09-30 02:17:36.856830,83
359,18,9,3,2025-10-28 02:17:36.856830,2025-11-08 02:17:36.856830,126
360,39,10,1,2025-10-31 02:17:36.856830,2025-11-12 02:17:36.856830,134
361,10,6,3,2025-10-29 02:17:36.856830,2025-11-10 02:17:36.856830,141
362,80,1,1,2025-09-27 02:17:36.856830,2025-10-04 02:17:36.856830,149
363,58,4,1,2025-10-01 02:17:36.856830,2025-10-05 02:17:36.856830,32
364,23,1,1,2025-08-23 02:17:36.856830,2025-09-02 02:17:36.856830,56
365,65,9,2,2025-10-13 02:17:36.856830,2025-10-26 02:17:36.856830,29
366,45,1,3,2025-09-22 02:17:36.856830,2025-09-27 02:17:36.856830,50
367,70,9,4,2025-11-07 02:17:36.856830,2025-11-13 02:17:36.856830,87
368,19,2,4,2025-08-28 02:17:36.856830,2025-09-05 02:17:36.856830,33
369,59,1,3,2025-09-22 02:17:36.856830,2025-09-27 02:17:36.856830,152
370,69,6,4,2025-11-04 02:17:36.856830,2025-11-17 02:17:36.856830,112
371,59,6,2,2025-11-16 02:17:36.856830,2025-11-19 02:17:36.856830,119
372,21,2,3,2025-10-30 02:17:36.856830,2025-11-11 02:17:36.856830,131
373,1,5,2,2025-10-10 02:17:36.856830,2025-10-23 02:17:36.856830,151
374,74,4,3,2025-11-11 02:17:36.856830,2025-11-17 02:17:36.856830,186
375,76,9,4,2025-10-20 02:17:36.856830,2025-10-23 02:17:36.856830,161
376,29,10,5,2025-10-29 02:17:36.856830,2025-11-02 02:17:36.856830,150
377,38,2,4,2025-11-07 02:17:36.856830,2025-11-17 02:17:36.856830,26
378,24,8,3,2025-09-07 02:17:36.856830,2025-09-13 02:17:36.856830,189
379,70,6,1,2025-09-22 02:17:36.856830,2025-10-04 02:17:36.856830,145
380,18,2,4,2025-09-16 02:17:36.856830,2025-09-20 02:17:36.856830,77
381,1,5,4,2025-10-19 02:17:36.856830,2025-10-27 02:17:36.856830,88
382,19,8,1,2025-10-03 02:17:36.856830,2025-10-12 02:17:36.856830,195
383,8,4,3,2025-10-12 02:17:36.856830,2025-10-15 02:17:36.856830,154
384,77,1,5,2025-09-29 02:17:36.856830,2025-10-10 02:17:36.856830,137
385,27,9,2,2025-08-30 02:17:36.856830,2025-09-11 02:17:36.856830,143
386,40,1,3,2025-10-21 02:17:36.856830,2025-11-03 02:17:36.856830,140
387,35,3,3,2025-10-09 02:17:36.856830,2025-10-22 02:17:36.856830,70
388,55,9,2,2025-09-14 02:17:36.856830,2025-09-25 02:17:36.856830,127
389,65,5,5,2025-10-21 02:17:36.856830,2025-10-28 02:17:36.856830,85
390,4,4,1,2025-09-05 02:17:36.856830,2025-09-11 02:17:36.856830,113
391,61,5,2,2025-09-26 02:17:36.856830,2025-10-05 02:17:36.856830,183
392,46,1,4,2025-10-26 02:17:36.856830,2025-11-06 02:17:36.856830,118
393,47,3,4,2025-11-04 02:17:36.856830,2025-11-15 02:17:36.856830,151
394,56,5,4,2025-09-18 02:17:36.856830,2025-10-01 02:17:36.856830,109
395,68,3,5,2025-08-22 02:17:36.856830,2025-08-28 02:17:36.856830,124
396,34,6,2,2025-08-30 02:17:36.856830,2025-09-05 02:17:36.856830,153
397,26,3,2,2025-09-04 02:17:36.856830,2025-09-07 02:17:36.856830,153
398,40,8,4,2025-09-25 02:17:36.856830,2025-10-06 02:17:36.856830,61
399,25,6,4,2025-11-03 02:17:36.856830,2025-11-16 02:17:36.856830,62
400,58,10,1,2025-09-28 02:17:36.856830,2025-10-05 02:17:36.856830,59
401,38,5,3,2025-11-14 02:17:36.856830,2025-11-19 02:17:36.856830,37
402,28,4,3,2025-08-24 02:17:36.856830,2025-09-03 02:17:36.856830,79
403,30,7,2,2025-10-21 02:17:36.856830,2025-10-28 02:17:36.856830,48
404,27,10,2,2025-08-22 02:17:36.856830,2025-09-01 02:17:36.856830,198
405,72,1,2,2025-11-09 02:17:36.856830,2025-11-21 02:17:36.856830,130
406,45,3,1,2025-10-22 02:17:36.856830,2025-11-04 02:17:36.856830,147
407,69,6,2,2025-10-04 02:17:36.856830,2025-10-08 02:17:36.856830,78
408,37,7,1,2025-11-08 02:17:36.856830,2025-11-16 02:17:36.856830,76
409,41,5,3,2025-10-05 02:17:36.856830,2025-10-11 02:17:36.856830,112
410,21,9,1,2025-10-28 02:17:36.856830,2025-11-08 02:17:36.856830,136
411,58,3,4,2025-10-25 02:17:36.856830,2025-11-04 02:17:36.856830,99
412,26,10,5,2025-09-06 02:17:36.856830,2025-09-10 02:17:36.856830,157
413,60,3,1,2025-08-29 02:17:36.856830,2025-09-01 02:17:36.856830,176
414,42,7,3,2025-10-12 02:17:36.856830,2025-10-21 02:17:36.856830,113
415,27,1,4,2025-10-05 02:17:36.856830,2025-10-13 02:17:36.856830,98
416,40,5,3,2025-09-03 02:17:36.856830,2025-09-07 02:17:36.856830,139
417,72,6,1,2025-11-08 02:17:36.856830,2025-11-11 02:17:36.856830,129
418,80,2,1,2025-10-18 02:17:36.856830,2025-10-23 02:17:36.856830,32
419,29,8,2,2025-11-17 02:17:36.856830,2025-11-23 02:17:36.856830,126
420,14,1,1,2025-09-01 02:17:36.856830,2025-09-08 02:17:36.856830,147
421,14,7,5,2025-11-19 02:17:36.856830,2025-11-30 02:17:36.856830,123
422,45,10,5,2025-09-23 02:17:36.856830,2025-09-27 02:17:36.856830,199
423,16,8,3,2025-10-18 02:17:36.856830,2025-10-26 02:17:36.856830,108
424,22,6,1,2025-09-12 02:17:36.856830,2025-09-15 02:17:36.856830,109
425,50,4,5,2025-09-03 02:17:36.856830,2025-09-06 02:17:36.856830,94
426,54,6,5,2025-11-04 02:17:36.856830,2025-11-10 02:17:36.856830,86
427,4,2,3,2025-11-08 02:17:36.856830,2025-11-11 02:17:36.856830,104
428,18,6,4,2025-09-05 02:17:36.856830,2025-09-08 02:17:36.856830,41
429,73,5,4,2025-10-01 02:17:36.856830,2025-10-06 02:17:36.856830,55
430,40,3,4,2025-10-06 02:17:36.856830,2025-10-18 02:17:36.856830,99
431,4,9,3,2025-09-06 02:17:36.856830,2025-09-16 02:17:36.856830,42
432,30,1,5,2025-09-14 02:17:36.856830,2025-09-27 02:17:36.856830,52
433,68,7,2,2025-09-17 02:17:36.856830,2025-09-20 02:17:36.856830,190
434,30,5,2,2025-10-14 02:17:36.856830,2025-10-17 02:17:36.856830,30
435,29,8,1,2025-08-25 02:17:36.856830,2025-09-06 02:17:36.856830,53
436,33,9,2,2025-09-16 02:17:36.856830,2025-09-26 02:17:36.856830,71
437,49,9,1,2025-09-03 02:17:36.856830,2025-09-11 02:17:36.856830,141
438,42,5,4,2025-11-04 02:17:36.856830,2025-11-07 02:17:36.856830,179
439,57,4,4,2025-10-07 02:17:36.856830,2025-10-13 02:17:36.856830,83
440,28,10,2,2025-10-16 02:17:36.856830,2025-10-20 02:17:36.856830,185
441,73,9,5,2025-11-15 02:17:36.856830,2025-11-26 02:17:36.856830,42
442,37,4,5,2025-09-28 02:17:36.856830,2025-10-03 02:17:36.856830,129
443,31,6,1,2025-09-14 02:17:36.856830,2025-09-18 02:17:36.856830,62
444,54,7,5,2025-11-15 02:17:36.856830,2025-11-22 02:17:36.856830,165
445,53,4,3,2025-09-13 02:17:36.856830,2025-09-20 02:17:36.856830,159
446,23,9,1,2025-10-01 02:17:36.856830,2025-10-07 02:17:36.856830,118
447,30,5,1,2025-08-31 02:17:36.856830,2025-09-12 02:17:36.856830,67
448,29,9,5,2025-09-02 02:17:36.856830,2025-09-05 02:17:36.856830,98
449,72,7,5,2025-09-17 02:17:36.856830,2025-09-25 02:17:36.856830,51
450,13,6,3,2025-08-28 02:17:36.856830,2025-09-09 02:17:36.856830,130
451,59,3,1,2025-11-12 02:17:36.856830,2025-11-20 02:17:36.856830,157
452,11,3,1,2025-08-31 02:17:36.856830,2025-09-06 02:17:36.856830,113
453,67,1,3,2025-10-11 02:17:36.856830,2025-10-14 02:17:36.856830,85
454,31,1,1,2025-10-02 02:17:36.856830,2025-10-14 02:17:36.856830,40
455,13,2,1,2025-09-15 02:17:36.856830,2025-09-19 02:17:36.856830,135
456,65,10,4,2025-09-15 02:17:36.856830,2025-09-19 02:17:36.856830,48
457,28,10,1,2025-10-18 02:17:36.856830,2025-10-25 02:17:36.856830,20
458,76,6,2,2025-10-14 02:17:36.856830,2025-10-19 02:17:36.856830,103
459,46,2,2,2025-09-14 02:17:36.856830,2025-09-26 02:17:36.856830,133
460,49,7,5,2025-09-23 02:17:36.856830,2025-10-04 02:17:36.856830,67
461,12,9,2,2025-11-09 02:17:36.856830,2025-11-19 02:17:36.856830,147
462,44,1,1,2025-08-24 02:17:36.856830,2025-09-02 02:17:36.856830,27
463,3,9,1,2025-09-09 02:17:36.856830,2025-09-14 02:17:36.856830,121
464,7,2,1,2025-09-20 02:17:36.856830,2025-10-01 02:17:36.856830,173
465,47,4,5,2025-09-01 02:17:36.856830,2025-09-05 02:17:36.856830,193
466,55,2,3,2025-09-17 02:17:36.856830,2025-09-20 02:17:36.856830,33
467,51,7,4,2025-08-25 02:17:36.856830,2025-09-02 02:17:36.856830,175
468,33,6,2,2025-09-28 02:17:36.856830,2025-10-06 02:17:36.856830,99
469,64,1,5,2025-10-13 02:17:36.856830,2025-10-21 02:17:36.856830,169
470,7,2,3,2025-10-04 02:17:36.856830,2025-10-11 02:17:36.856830,110
471,9,6,5,2025-10-07 02:17:36.856830,2025-10-17 02:17:36.856830,126
472,77,8,1,2025-11-10 02:17:36.856830,2025-11-18 02:17:36.856830,171
473,54,1,4,2025-10-11 02:17:36.856830,2025-10-20 02:17:36.856830,135
474,3,9,3,2025-11-12 02:17:36.856830,2025-11-22 02:17:36.856830,172
475,72,2,5,2025-11-01 02:17:36.856830,2025-11-05 02:17:36.856830,73
476,30,9,5,2025-10-02 02:17:36.856830,2025-10-14 02:17:36.856830,132
477,20,1,5,2025-08-23 02:17:36.856830,2025-08-26 02:17:36.856830,177
478,73,4,2,2025-09-15 02:17:36.856830,2025-09-20 02:17:36.856830,141
479,72,6,5,2025-11-06 02:17:36.856830,2025-11-18 02:17:36.856830,73
480,68,5,1,2025-11-10 02:17:36.856830,2025-11-23 02:17:36.856830,29
481,15,9,5,2025-09-14 02:17:36.856830,2025-09-23 02:17:36.856830,118
482,34,7,4,2025-10-15 02:17:36.856830,2025-10-19 02:17:36.856830,22
483,75,5,4,2025-11-05 02:17:36.856830,2025-11-16 02:17:36.856830,69
484,22,2,5,2025-10-20 02:17:36.856830,2025-10-26 02:17:36.856830,181
485,67,2,5,2025-10-02 02:17:36.856830,2025-10-08 02:17:36.856830,170
486,2,4,3,2025-08-29 02:17:36.856830,2025-09-01 02:17:36.856830,105
487,47,2,4,2025-10-04 02:17:36.856830,2025-10-11 02:17:36.856830,181
488,17,4,2,2025-10-19 02:17:36.856830,2025-10-22 02:17:36.856830,193
489,46,8,3,2025-10-21 02:17:36.856830,2025-10-26 02:17:36.856830,24
490,69,8,1,2025-09-26 02:17:36.856830,2025-10-04 02:17:36.856830,126
491,58,10,5,2025-09-06 02:17:36.856830,2025-09-14 02:17:36.856830,163
492,71,2,4,2025-09-26 02:17:36.856830,2025-10-08 02:17:36.856830,132
493,52,9,1,2025-10-21 02:17:36.856830,2025-10-24 02:17:36.856830,73
494,64,9,4,2025-11-02 02:17:36.856830,2025-11-13 02:17:36.856830,134
495,72,5,4,2025-08-23 02:17:36.856830,2025-08-28 02:17:36.856830,104
496,74,5,1,2025-09-18 02:17:36.856830,2025-09-25 02:17:36.856830,44
497,75,6,4,2025-10-05 02:17:36.856830,2025-10-08 02:17:36.856830,124
498,31,6,2,2025-08-22 02:17:36.856830,2025-09-02 02:17:36.856830,198
499,2,10,5,2025-10-26 02:17:36.856830,2025-11-01 02:17:36.856830,95
500,20,8,3,2025-10-14 02:17:36.856830,2025-10-26 02:17:36.856830,140
